"时间戳记","Intuitively, how close is the output version of the Paper2ppt auto-generated ppt.pdf to the manual_ppt.pdf?","How suitable is the length of ppt.pdf?","How easy is the text content in ppt.pdf to be understood?","You only need to input a paper(such as paper.pdf), you can automatically get such a ppt(such as ppt.pdf).How much do you think this automatic generator can save you time in making ppt？","Regardless of professional background knowledge，to what extent can you understand the core content of this paper from this automatically generated ppt.pdf?","Please intuitively give this Paper2ppt generator a score for its overall quality.","If you plan to use the ppt for official work, where do you think post-editing is required to make a final usable ppt from the auto-generated ppt?","How do you feel about the figures in ppt.pdf?","How do you feel about the euqations in ppt.pdf?","How do you feel about the tables in ppt.pdf?","Please leave some post-use reviews or comments for this tool."
"2022/03/10 5:46:37 下午 GMT+8","5","too many slides","4","5","3","4","After adjusting the equation content","They look good","Need to add more relevant text explainations","They look good","Really cool work. I didn't realise that ppt.pdf was generated until I started taking the quiz. The content is definitely much longer so perhaps a summarisation or ranking system is required to help condense the key content?"
"2022/03/10 6:15:15 下午 GMT+8","3","suitable","2","3","2","3","After adjust the text content;After adjusting the layout and formating;After beautify the design;After adjusting the presentation logic between the slides","They look good","They look good;Layout sometimes garbled","They look good","Interesting tool. Some obvious issues gathering text. Could do with a filter to clean out formatting tags etc. Could also do with a sense of the max content per slide to avoid overflow and target a suitably filled slide"
"2022/03/10 6:23:32 下午 GMT+8","4","too many slides","5","3","5","4","After adjust the text content;After adjusting the layout and formating;After beautify the design;After adjusting the presentation logic between the slides","They look good","The style needs to be adjust","They look good","It captures quite a lot of text, but I think this is okay because it gives the user more options on where to cut/add content."
"2022/03/10 6:39:37 下午 GMT+8","3","suitable","2","2","2","2","After adjust the text content;After adjusting the table content;After adjusting the equation content;After adjusting the layout and formating;After beautify the design;After adjusting the presentation logic between the slides","They look good","The style needs to be adjust;some cannot be read because of formatting, e.g. slide 11 and 13","The style needs to be adjust;could be made a bit bigger","Hard to say how much I understood from the ppt because I read the paper beforehand but I don't know much about the topic, so I don't have the necessary background knowledge to understand the technical details. The formatting issues in the text made it hard to understand because some text was cut off. I think the tool could make getting the figures and equations into the power point easier, and offer a starting point for creating a presentation."
"2022/03/10 7:17:46 下午 GMT+8","3","suitable","4","4","3","3","After adjust the text content;After adjusting the figure content;After adjusting the equation content;After adjusting the presentation logic between the slides;Presentation logic could be adjusted minimally. Equations seem to be a problem because it is in LaTeX writing - in page 11, the whole thing is converted into a subscript text. Also, I would need to change the figure references in text. ","They look good;Need to add more relevant text explainations","Not focused(unimportant equations)","They look good","Even this version would save a lot of time, so this is a really useful project! I would probably erase some text as it is too much, and add figures in other slides."
"2022/03/10 7:59:20 下午 GMT+8","4","suitable","4","5","4","5","After adjusting the layout and formating;After beautify the design","They look good","They look good","They look good",""
"2022/03/10 8:35:33 下午 GMT+8","5","suitable","5","4","4","5","After adjust the text content;After adjusting the presentation logic between the slides","They look good","They look good","They look good","Think this could be a really helpful if you dont want to read a long academic paper and read it in power point slides instead to get a good overview of the paper. "
"2022/03/10 9:40:04 下午 GMT+8","5","too many slides","3","5","2","3","After adjust the text content;After adjusting the equation content;After adjusting the layout and formating","They look good","The style needs to be adjust;Some equations seem to have copied the LaTeX text, which is then not translated into mathematical symbols.","They look good;The style needs to be adjust;When a table does have a longer text explanation, it seems the formatting gets messed up and the table is squished. ","It seems there's sometimes too much text on some slides, and it even runs over. In general my preference for slides is to use more bullet points. However, this is already pretty good in giving perhaps most of the main points to cover, which can be manually trimmed down fairly easily. At the end of the day, too much info that you can edit down is probably better than having not enough information and having to look up the paper to figure out what to add."
"2022/03/11 9:35:15 下午 GMT+8","3","suitable","3","3","3","3","After adjust the text content;After adjusting the equation content;After adjusting the layout and formating;After beautify the design;After adjusting the presentation logic between the slides","They look good","The style needs to be adjust","They look good","Overall, the generated file is not bad and resembles the original document quite a lot, but there's obviously many improvements that could be made"
"2022/03/11 11:07:32 下午 GMT+8","3","too many slides","2","3","3","3","After adjust the text content;After adjusting the table content;After adjusting the equation content;After adjusting the layout and formating;After beautify the design;After adjusting the presentation logic between the slides","The figures shown are not focused(unimportant pictures);The style needs to be adjust","Need to add more relevant text explainations;Not focused(unimportant equations);The style needs to be adjust;Too many equations;equation location and subject do not match","Not focused(unimportant tables);The style needs to be adjust","The output in ppt.pdf is pretty impressive from an AI, however it doesn't help with presenting the important parts of the paper. It feels more like just a cut-and-paste of the important parts from the paper, without any further editing to make it a comprehensive presentation."
"2022/03/12 9:12:04 下午 GMT+8","3","suitable","4","5","4","4","After adjust the text content;After adjusting the layout and formating;After adjusting the presentation logic between the slides","They look good","The style needs to be adjust","They look good",""
"2022/03/14 11:56:03 下午 GMT+8","3","too many slides","4","3","4","4","After adjust the text content;After adjusting the figure content;After adjusting the table content;After adjusting the equation content;After adjusting the presentation logic between the slides","They look good;The style needs to be adjust;Image location and subject do not match;Figures are not well numbered or labelled","The style needs to be adjust;Some equations especially those within text need to be edited.","Need to add more relevant text explainations;The style needs to be adjust;In some slides, position and size of tables need to be adjusted for readability","The tool did a good job but, the order of slides became very confusing in the middle where most slides where 'Intro'. Some figures and tables where not labelled and their names not properly stated int the text (<ref> is seen a lot). Manual work need to be done on the equations and the layout of some sides where tables are not properly separated. "
"2022/03/22 5:17:24 上午 GMT+8","4","suitable","3","5","3","4","After adjust the text content;After adjusting the layout and formating;After adjusting the presentation logic between the slides","They look good","The style needs to be adjust","They look good","This is really interesting and I feel like it could add some real value in preparing presentations around academic papers. Obviously, the text on the generated slides are much more dense than that of the manually created slides, but it's easier to remove text than to create a slide from scratch."